Epoch,Iteration,CC,LLI,RMSE,FEV
0,0,-0.0128362685596,-119.440869643,13.5291398242,-0.223393721724
